{"cameraMode":{"drawMode":0,"name":"Shaded","section":"Shading Mode"},"sceneLighting":true,"audioPlay":false,"sceneViewState":{"showFog":true,"showMaterialUpdate":false,"showSkybox":true,"showFlares":true,"showImageEffects":true,"showParticleSystems":true},"in2DMode":false,"pivot":{"x":-1.3749091625213624,"y":-5.769165992736816,"z":-3.980515956878662},"rotation":{"x":-0.04960472509264946,"y":0.9073131084442139,"z":-0.4022575914859772,"w":-0.11188869178295136},"size":34.291011810302737,"orthographic":false}