{"cameraMode":{"drawMode":0,"name":"Shaded","section":"Shading Mode"},"sceneLighting":false,"audioPlay":false,"sceneViewState":{"showFog":true,"showMaterialUpdate":false,"showSkybox":true,"showFlares":true,"showImageEffects":true,"showParticleSystems":true},"in2DMode":false,"pivot":{"x":2.3336358070373537,"y":0.8602322936058044,"z":-33.75},"rotation":{"x":-0.2288634032011032,"y":0.6478127241134644,"z":-0.21346360445022584,"w":-0.6945468187332153},"size":276.2130432128906,"orthographic":false}